,counts,path_genes,p_val,rich_factor,hit_genes,url
03060 Protein export [PATH:hsa03060],3,23,0.0013592045852,0.13043478260869565,"['SEC61G', 'SRP14', 'SRP19']",http://www.kegg.jp/kegg-bin/show_pathway?map=hsa03060&multi_query=23480+red%2Cblue%0D%0A6727+red%2Cblue%0D%0A6728+red%2Cblue%0D%0A
00785 Lipoic acid metabolism [PATH:hsa00785],1,3,0.00137813951769,0.3333333333333333,['LIPT1'],http://www.kegg.jp/kegg-bin/show_pathway?map=hsa00785&multi_query=51601+red%2Cblue%0D%0A
05211 Renal cell carcinoma [PATH:hsa05211],5,65,0.00269899935079,0.07692307692307693,"['SLC2A1', 'GAB1', 'RAP1A', 'PAK4', 'FH']",http://www.kegg.jp/kegg-bin/show_pathway?map=hsa05211&multi_query=6513+red%2Cblue%0D%0A2549+red%2Cblue%0D%0A5906+red%2Cblue%0D%0A10298+red%2Cblue%0D%0A2271+red%2Cblue%0D%0A
03050 Proteasome [PATH:hsa03050],4,45,0.00271380484577,0.08888888888888889,"['PSMD12', 'PSMD11', 'PSMA7', 'PSMA5']",http://www.kegg.jp/kegg-bin/show_pathway?map=hsa03050&multi_query=5718+red%2Cblue%0D%0A5717+red%2Cblue%0D%0A5688+red%2Cblue%0D%0A5686+red%2Cblue%0D%0A
04014 Ras signaling pathway [PATH:hsa04014],11,227,0.0036830826471,0.048458149779735685,"['FGF2', 'NGF', 'PDGFA', 'CSF1R', 'GAB1', 'PAK4', 'FOXO4', 'KSR1', 'RAP1A', 'RAB5B', 'RAB5C']",http://www.kegg.jp/kegg-bin/show_pathway?map=hsa04014&multi_query=2247+red%2Cblue%0D%0A4803+red%2Cblue%0D%0A5154+red%2Cblue%0D%0A1436+red%2Cblue%0D%0A2549+red%2Cblue%0D%0A10298+red%2Cblue%0D%0A4303+red%2Cblue%0D%0A8844+red%2Cblue%0D%0A5906+red%2Cblue%0D%0A5869+red%2Cblue%0D%0A5878+red%2Cblue%0D%0A
04657 IL-17 signaling pathway [PATH:hsa04657],6,93,0.00389717616242,0.06451612903225806,"['FADD', 'IL17A', 'MAPK4', 'CCL2', 'IL6', 'MMP9']",http://www.kegg.jp/kegg-bin/show_pathway?map=hsa04657&multi_query=8772+red%2Cblue%0D%0A3605+red%2Cblue%0D%0A5596+red%2Cblue%0D%0A6347+red%2Cblue%0D%0A3569+red%2Cblue%0D%0A4318+red%2Cblue%0D%0A
04640 Hematopoietic cell lineage [PATH:hsa04640],6,97,0.00491890290305,0.061855670103092786,"['IL6', 'IL11', 'CSF1R', 'ANPEP', 'IL9R', 'ITGA4']",http://www.kegg.jp/kegg-bin/show_pathway?map=hsa04640&multi_query=3569+red%2Cblue%0D%0A3589+red%2Cblue%0D%0A1436+red%2Cblue%0D%0A290+red%2Cblue%0D%0A3581+red%2Cblue%0D%0A3676+red%2Cblue%0D%0A
05202 Transcriptional misregulation in cancers [PATH:hsa05202],9,180,0.00556553807814,0.05,"['CSF1R', 'CDK9', 'CCNT2', 'MMP9', 'PDGFA', 'MLF1', 'DDIT3', 'IL6', 'HOXA11']",http://www.kegg.jp/kegg-bin/show_pathway?map=hsa05202&multi_query=1436+red%2Cblue%0D%0A1025+red%2Cblue%0D%0A905+red%2Cblue%0D%0A4318+red%2Cblue%0D%0A5154+red%2Cblue%0D%0A4291+red%2Cblue%0D%0A1649+red%2Cblue%0D%0A3569+red%2Cblue%0D%0A3207+red%2Cblue%0D%0A
04130 SNARE interactions in vesicular transport [PATH:hsa04130],3,34,0.00591913722779,0.08823529411764706,"['STX3', 'STX5', 'VAMP4']",http://www.kegg.jp/kegg-bin/show_pathway?map=hsa04130&multi_query=6809+red%2Cblue%0D%0A6811+red%2Cblue%0D%0A8674+red%2Cblue%0D%0A
00531 Glycosaminoglycan degradation [PATH:hsa00531],2,19,0.00748244434494,0.10526315789473684,"['HYAL2', 'HYAL3']",http://www.kegg.jp/kegg-bin/show_pathway?map=hsa00531&multi_query=8692+red%2Cblue%0D%0A8372+red%2Cblue%0D%0A
04210 Apoptosis [PATH:hsa04210],7,138,0.00998131084079,0.050724637681159424,"['FADD', 'ENDOG', 'ITPR1', 'DDIT3', 'CTSB', 'CTSW', 'NGF']",http://www.kegg.jp/kegg-bin/show_pathway?map=hsa04210&multi_query=8772+red%2Cblue%0D%0A2021+red%2Cblue%0D%0A3708+red%2Cblue%0D%0A1649+red%2Cblue%0D%0A1508+red%2Cblue%0D%0A1521+red%2Cblue%0D%0A4803+red%2Cblue%0D%0A
04721 Synaptic vesicle cycle [PATH:hsa04721],4,63,0.0114442668846,0.06349206349206349,"['SLC17A7', 'STX3', 'CLTB', 'ATP6V1H']",http://www.kegg.jp/kegg-bin/show_pathway?map=hsa04721&multi_query=57030+red%2Cblue%0D%0A6809+red%2Cblue%0D%0A1212+red%2Cblue%0D%0A51606+red%2Cblue%0D%0A
04924 Renin secretion [PATH:hsa04924],4,65,0.0129947785587,0.06153846153846154,"['PDE1B', 'ITPR1', 'GUCY1A2', 'CTSB']",http://www.kegg.jp/kegg-bin/show_pathway?map=hsa04924&multi_query=5153+red%2Cblue%0D%0A3708+red%2Cblue%0D%0A2977+red%2Cblue%0D%0A1508+red%2Cblue%0D%0A
05323 Rheumatoid arthritis [PATH:hsa05323],5,90,0.013095976324,0.05555555555555555,"['IL6', 'IL11', 'IL17A', 'ATP6V1H', 'CCL2']",http://www.kegg.jp/kegg-bin/show_pathway?map=hsa05323&multi_query=3569+red%2Cblue%0D%0A3589+red%2Cblue%0D%0A3605+red%2Cblue%0D%0A51606+red%2Cblue%0D%0A6347+red%2Cblue%0D%0A
00230 Purine metabolism [PATH:hsa00230],8,175,0.0135094697654,0.045714285714285714,"['PRPS1', 'POLR2F', 'POLA1', 'PRIM1', 'GUCY1A2', 'GUCY2C', 'GUCY2D', 'PDE1B']",http://www.kegg.jp/kegg-bin/show_pathway?map=hsa00230&multi_query=5631+red%2Cblue%0D%0A5435+red%2Cblue%0D%0A5422+red%2Cblue%0D%0A5557+red%2Cblue%0D%0A2977+red%2Cblue%0D%0A2984+red%2Cblue%0D%0A3000+red%2Cblue%0D%0A5153+red%2Cblue%0D%0A
04722 Neurotrophin signaling pathway [PATH:hsa04722],6,119,0.0144814332173,0.05042016806722689,"['NGF', 'SH2B1', 'RAP1A', 'GAB1', 'NFKBIB', 'IRAK1']",http://www.kegg.jp/kegg-bin/show_pathway?map=hsa04722&multi_query=4803+red%2Cblue%0D%0A25970+red%2Cblue%0D%0A5906+red%2Cblue%0D%0A2549+red%2Cblue%0D%0A4793+red%2Cblue%0D%0A3654+red%2Cblue%0D%0A
04962 Vasopressin-regulated water reabsorption [PATH:hsa04962],3,44,0.0146690874299,0.06818181818181818,"['AVPR2', 'RAB5B', 'RAB5C']",http://www.kegg.jp/kegg-bin/show_pathway?map=hsa04962&multi_query=554+red%2Cblue%0D%0A5869+red%2Cblue%0D%0A5878+red%2Cblue%0D%0A
05152 Tuberculosis [PATH:hsa05152],8,179,0.0154698221799,0.0446927374301676,"['FADD', 'TLR1', 'IRAK1', 'IL6', 'KSR1', 'RAB5B', 'RAB5C', 'ATP6V1H']",http://www.kegg.jp/kegg-bin/show_pathway?map=hsa05152&multi_query=8772+red%2Cblue%0D%0A7096+red%2Cblue%0D%0A3654+red%2Cblue%0D%0A3569+red%2Cblue%0D%0A8844+red%2Cblue%0D%0A5869+red%2Cblue%0D%0A5878+red%2Cblue%0D%0A51606+red%2Cblue%0D%0A
04611 Platelet activation [PATH:hsa04611],6,123,0.0171007213886,0.04878048780487805,"['ROCK2', 'ITPR1', 'RAP1A', 'PTGIR', 'LCP2', 'GUCY1A2']",http://www.kegg.jp/kegg-bin/show_pathway?map=hsa04611&multi_query=9475+red%2Cblue%0D%0A3708+red%2Cblue%0D%0A5906+red%2Cblue%0D%0A5739+red%2Cblue%0D%0A3937+red%2Cblue%0D%0A2977+red%2Cblue%0D%0A
04662 B cell receptor signaling pathway [PATH:hsa04662],4,71,0.0184830397645,0.056338028169014086,"['NFKBIB', 'IFITM1', 'INPPL1', 'PTPN6']",http://www.kegg.jp/kegg-bin/show_pathway?map=hsa04662&multi_query=4793+red%2Cblue%0D%0A8519+red%2Cblue%0D%0A3636+red%2Cblue%0D%0A5777+red%2Cblue%0D%0A
05144 Malaria [PATH:hsa05144],3,49,0.0210761149085,0.061224489795918366,"['IL6', 'CCL2', 'SELP']",http://www.kegg.jp/kegg-bin/show_pathway?map=hsa05144&multi_query=3569+red%2Cblue%0D%0A6347+red%2Cblue%0D%0A6403+red%2Cblue%0D%0A
05140 Leishmaniasis [PATH:hsa05140],4,74,0.021725472992,0.05405405405405406,"['IRAK1', 'NFKBIB', 'ITGA4', 'PTPN6']",http://www.kegg.jp/kegg-bin/show_pathway?map=hsa05140&multi_query=3654+red%2Cblue%0D%0A4793+red%2Cblue%0D%0A3676+red%2Cblue%0D%0A5777+red%2Cblue%0D%0A
04744 Phototransduction [PATH:hsa04744],2,28,0.0219558080737,0.07142857142857142,"['RGS9', 'GUCY2D']",http://www.kegg.jp/kegg-bin/show_pathway?map=hsa04744&multi_query=8787+red%2Cblue%0D%0A3000+red%2Cblue%0D%0A
00430 Taurine and hypotaurine metabolism [PATH:hsa00430],1,11,0.0225441368449,0.09090909090909091,['BAAT'],http://www.kegg.jp/kegg-bin/show_pathway?map=hsa00430&multi_query=570+red%2Cblue%0D%0A
05100 Bacterial invasion of epithelial cells [PATH:hsa05100],4,76,0.0240807458841,0.05263157894736842,"['GAB1', 'CD2AP', 'CLTB', 'ILK']",http://www.kegg.jp/kegg-bin/show_pathway?map=hsa05100&multi_query=2549+red%2Cblue%0D%0A23607+red%2Cblue%0D%0A1212+red%2Cblue%0D%0A3611+red%2Cblue%0D%0A
05162 Measles [PATH:hsa05162],6,134,0.0260006925053,0.04477611940298507,"['DOK1', 'IFIH1', 'IRAK1', 'NFKBIB', 'IL6', 'RCHY1']",http://www.kegg.jp/kegg-bin/show_pathway?map=hsa05162&multi_query=1796+red%2Cblue%0D%0A64135+red%2Cblue%0D%0A3654+red%2Cblue%0D%0A4793+red%2Cblue%0D%0A3569+red%2Cblue%0D%0A25898+red%2Cblue%0D%0A
00030 Pentose phosphate pathway [PATH:hsa00030],2,30,0.0263720708372,0.06666666666666667,"['PRPS1', 'PFKL']",http://www.kegg.jp/kegg-bin/show_pathway?map=hsa00030&multi_query=5631+red%2Cblue%0D%0A5211+red%2Cblue%0D%0A
01521 EGFR tyrosine kinase inhibitor resistance [PATH:hsa01521],4,79,0.0279126316361,0.05063291139240506,"['PDGFA', 'FGF2', 'IL6', 'GAB1']",http://www.kegg.jp/kegg-bin/show_pathway?map=hsa01521&multi_query=5154+red%2Cblue%0D%0A2247+red%2Cblue%0D%0A3569+red%2Cblue%0D%0A2549+red%2Cblue%0D%0A
04668 TNF signaling pathway [PATH:hsa04668],5,108,0.0293922223255,0.046296296296296294,"['FADD', 'CCL2', 'IL6', 'MMP9', 'MMP14']",http://www.kegg.jp/kegg-bin/show_pathway?map=hsa04668&multi_query=8772+red%2Cblue%0D%0A6347+red%2Cblue%0D%0A3569+red%2Cblue%0D%0A4318+red%2Cblue%0D%0A4323+red%2Cblue%0D%0A
03450 Non-homologous end-joining [PATH:hsa03450],1,13,0.0310813300694,0.07692307692307693,['XRCC5'],http://www.kegg.jp/kegg-bin/show_pathway?map=hsa03450&multi_query=7520+red%2Cblue%0D%0A
05010 Alzheimer's disease [PATH:hsa05010],7,171,0.0319324218584,0.04093567251461988,"['NAE1', 'NDUFV2', 'UQCRFS1', 'ATP5B', 'FADD', 'ITPR1', 'MAPT']",http://www.kegg.jp/kegg-bin/show_pathway?map=hsa05010&multi_query=8883+red%2Cblue%0D%0A4729+red%2Cblue%0D%0A7386+red%2Cblue%0D%0A506+red%2Cblue%0D%0A8772+red%2Cblue%0D%0A3708+red%2Cblue%0D%0A4137+red%2Cblue%0D%0A
04670 Leukocyte transendothelial migration [PATH:hsa04670],5,112,0.0342796789187,0.044642857142857144,"['ITGA4', 'CLDN8', 'MMP9', 'ROCK2', 'RAP1A']",http://www.kegg.jp/kegg-bin/show_pathway?map=hsa04670&multi_query=3676+red%2Cblue%0D%0A9073+red%2Cblue%0D%0A4318+red%2Cblue%0D%0A9475+red%2Cblue%0D%0A5906+red%2Cblue%0D%0A
04015 Rap1 signaling pathway [PATH:hsa04015],8,210,0.0383291296155,0.0380952380952381,"['RAP1A', 'DOCK4', 'LPAR1', 'FGF2', 'NGF', 'PDGFA', 'CSF1R', 'LCP2']",http://www.kegg.jp/kegg-bin/show_pathway?map=hsa04015&multi_query=5906+red%2Cblue%0D%0A9732+red%2Cblue%0D%0A1902+red%2Cblue%0D%0A2247+red%2Cblue%0D%0A4803+red%2Cblue%0D%0A5154+red%2Cblue%0D%0A1436+red%2Cblue%0D%0A3937+red%2Cblue%0D%0A
04730 Long-term depression [PATH:hsa04730],3,60,0.0404764125198,0.05,"['GUCY1A2', 'ITPR1', 'RYR1']",http://www.kegg.jp/kegg-bin/show_pathway?map=hsa04730&multi_query=2977+red%2Cblue%0D%0A3708+red%2Cblue%0D%0A6261+red%2Cblue%0D%0A
04540 Gap junction [PATH:hsa04540],4,88,0.0416452289946,0.045454545454545456,"['LPAR1', 'PDGFA', 'ITPR1', 'GUCY1A2']",http://www.kegg.jp/kegg-bin/show_pathway?map=hsa04540&multi_query=1902+red%2Cblue%0D%0A5154+red%2Cblue%0D%0A3708+red%2Cblue%0D%0A2977+red%2Cblue%0D%0A
03030 DNA replication [PATH:hsa03030],2,36,0.0422414332917,0.05555555555555555,"['POLA1', 'PRIM1']",http://www.kegg.jp/kegg-bin/show_pathway?map=hsa03030&multi_query=5422+red%2Cblue%0D%0A5557+red%2Cblue%0D%0A
05168 Herpes simplex infection [PATH:hsa05168],7,185,0.0472814680077,0.03783783783783784,"['NFKBIB', 'IFIH1', 'CCL2', 'IL6', 'CUL1', 'SRSF8', 'FADD']",http://www.kegg.jp/kegg-bin/show_pathway?map=hsa05168&multi_query=4793+red%2Cblue%0D%0A64135+red%2Cblue%0D%0A6347+red%2Cblue%0D%0A3569+red%2Cblue%0D%0A8454+red%2Cblue%0D%0A10929+red%2Cblue%0D%0A8772+red%2Cblue%0D%0A
04623 Cytosolic DNA-sensing pathway [PATH:hsa04623],3,64,0.0494001154966,0.046875,"['POLR2F', 'IL6', 'NFKBIB']",http://www.kegg.jp/kegg-bin/show_pathway?map=hsa04623&multi_query=5435+red%2Cblue%0D%0A3569+red%2Cblue%0D%0A4793+red%2Cblue%0D%0A
04142 Lysosome [PATH:hsa04142],5,123,0.0503270302464,0.04065040650406504,"['ATP6V1H', 'CTSB', 'CTSW', 'GALC', 'CLTB']",http://www.kegg.jp/kegg-bin/show_pathway?map=hsa04142&multi_query=51606+red%2Cblue%0D%0A1508+red%2Cblue%0D%0A1521+red%2Cblue%0D%0A2581+red%2Cblue%0D%0A1212+red%2Cblue%0D%0A
00120 Primary bile acid biosynthesis [PATH:hsa00120],1,17,0.0512324651437,0.058823529411764705,['BAAT'],http://www.kegg.jp/kegg-bin/show_pathway?map=hsa00120&multi_query=570+red%2Cblue%0D%0A
05321 Inflammatiory bowel disease (IBD) [PATH:hsa05321],3,65,0.0517873507051,0.046153846153846156,"['IL18RAP', 'IL6', 'IL17A']",http://www.kegg.jp/kegg-bin/show_pathway?map=hsa05321&multi_query=8807+red%2Cblue%0D%0A3569+red%2Cblue%0D%0A3605+red%2Cblue%0D%0A
04713 Circadian entrainment [PATH:hsa04713],4,96,0.0567665286461,0.041666666666666664,"['ITPR1', 'RYR1', 'RYR2', 'GUCY1A2']",http://www.kegg.jp/kegg-bin/show_pathway?map=hsa04713&multi_query=3708+red%2Cblue%0D%0A6261+red%2Cblue%0D%0A6262+red%2Cblue%0D%0A2977+red%2Cblue%0D%0A
04972 Pancreatic secretion [PATH:hsa04972],4,98,0.0609816108808,0.04081632653061224,"['RAP1A', 'ITPR1', 'RYR2', 'SCTR']",http://www.kegg.jp/kegg-bin/show_pathway?map=hsa04972&multi_query=5906+red%2Cblue%0D%0A3708+red%2Cblue%0D%0A6262+red%2Cblue%0D%0A6344+red%2Cblue%0D%0A
04622 RIG-I-like receptor signaling pathway [PATH:hsa04622],3,70,0.0646516342473,0.04285714285714286,"['IFIH1', 'FADD', 'NFKBIB']",http://www.kegg.jp/kegg-bin/show_pathway?map=hsa04622&multi_query=64135+red%2Cblue%0D%0A8772+red%2Cblue%0D%0A4793+red%2Cblue%0D%0A
04976 Bile secretion [PATH:hsa04976],3,71,0.0674079682467,0.04225352112676056,"['BAAT', 'SCTR', 'SLC2A1']",http://www.kegg.jp/kegg-bin/show_pathway?map=hsa04976&multi_query=570+red%2Cblue%0D%0A6344+red%2Cblue%0D%0A6513+red%2Cblue%0D%0A
04080 Neuroactive ligand-receptor interaction [PATH:hsa04080],10,306,0.0676511474266,0.032679738562091505,"['EDNRB', 'SSTR4', 'AVPR2', 'PTGIR', 'LPAR1', 'S1PR2', 'GIPR', 'GHRH', 'SCTR', 'CGA']",http://www.kegg.jp/kegg-bin/show_pathway?map=hsa04080&multi_query=1910+red%2Cblue%0D%0A6754+red%2Cblue%0D%0A554+red%2Cblue%0D%0A5739+red%2Cblue%0D%0A1902+red%2Cblue%0D%0A9294+red%2Cblue%0D%0A2696+red%2Cblue%0D%0A2691+red%2Cblue%0D%0A6344+red%2Cblue%0D%0A1081+red%2Cblue%0D%0A
00240 Pyrimidine metabolism [PATH:hsa00240],4,102,0.0699321970897,0.0392156862745098,"['POLR2F', 'POLA1', 'PRIM1', 'TK1']",http://www.kegg.jp/kegg-bin/show_pathway?map=hsa00240&multi_query=5435+red%2Cblue%0D%0A5422+red%2Cblue%0D%0A5557+red%2Cblue%0D%0A7083+red%2Cblue%0D%0A
05142 Chagas disease (American trypanosomiasis) [PATH:hsa05142],4,102,0.0699321970897,0.0392156862745098,"['IRAK1', 'CCL2', 'IL6', 'FADD']",http://www.kegg.jp/kegg-bin/show_pathway?map=hsa05142&multi_query=3654+red%2Cblue%0D%0A6347+red%2Cblue%0D%0A3569+red%2Cblue%0D%0A8772+red%2Cblue%0D%0A
04060 Cytokine-cytokine receptor interaction [PATH:hsa04060],9,273,0.071898266882,0.03296703296703297,"['CCL2', 'IL6', 'IL11', 'IL9', 'PDGFA', 'IL17A', 'IL9R', 'CSF1R', 'IL18RAP']",http://www.kegg.jp/kegg-bin/show_pathway?map=hsa04060&multi_query=6347+red%2Cblue%0D%0A3569+red%2Cblue%0D%0A3589+red%2Cblue%0D%0A3578+red%2Cblue%0D%0A5154+red%2Cblue%0D%0A3605+red%2Cblue%0D%0A3581+red%2Cblue%0D%0A1436+red%2Cblue%0D%0A8807+red%2Cblue%0D%0A
04621 NOD-like receptor signaling pathway [PATH:hsa04621],6,168,0.0719307479367,0.03571428571428571,"['NFKBIB', 'IL6', 'CCL2', 'CTSB', 'ITPR1', 'FADD']",http://www.kegg.jp/kegg-bin/show_pathway?map=hsa04621&multi_query=4793+red%2Cblue%0D%0A3569+red%2Cblue%0D%0A6347+red%2Cblue%0D%0A1508+red%2Cblue%0D%0A3708+red%2Cblue%0D%0A8772+red%2Cblue%0D%0A
04660 T cell receptor signaling pathway [PATH:hsa04660],4,103,0.0722776950488,0.038834951456310676,"['LCP2', 'PAK4', 'NFKBIB', 'PTPN6']",http://www.kegg.jp/kegg-bin/show_pathway?map=hsa04660&multi_query=3937+red%2Cblue%0D%0A10298+red%2Cblue%0D%0A4793+red%2Cblue%0D%0A5777+red%2Cblue%0D%0A
05205 Proteoglycans in cancer [PATH:hsa05205],7,203,0.0732013057734,0.034482758620689655,"['ROCK2', 'GAB1', 'ITPR1', 'HOXD10', 'MMP9', 'FGF2', 'PTPN6']",http://www.kegg.jp/kegg-bin/show_pathway?map=hsa05205&multi_query=9475+red%2Cblue%0D%0A2549+red%2Cblue%0D%0A3708+red%2Cblue%0D%0A3236+red%2Cblue%0D%0A4318+red%2Cblue%0D%0A2247+red%2Cblue%0D%0A5777+red%2Cblue%0D%0A
04620 Toll-like receptor signaling pathway [PATH:hsa04620],4,104,0.0746660618529,0.038461538461538464,"['TLR1', 'FADD', 'IRAK1', 'IL6']",http://www.kegg.jp/kegg-bin/show_pathway?map=hsa04620&multi_query=7096+red%2Cblue%0D%0A8772+red%2Cblue%0D%0A3654+red%2Cblue%0D%0A3569+red%2Cblue%0D%0A
04918 Thyroid hormone synthesis [PATH:hsa04918],3,74,0.0760367301533,0.04054054054054054,"['CGA', 'TTF1', 'ITPR1']",http://www.kegg.jp/kegg-bin/show_pathway?map=hsa04918&multi_query=1081+red%2Cblue%0D%0A7270+red%2Cblue%0D%0A3708+red%2Cblue%0D%0A
04961 Endocrine and other factor-regulated calcium reabsorption [PATH:hsa04961],2,47,0.0809656955812,0.0425531914893617,"['CLTB', 'CALB1']",http://www.kegg.jp/kegg-bin/show_pathway?map=hsa04961&multi_query=1212+red%2Cblue%0D%0A793+red%2Cblue%0D%0A
05164 Influenza A [PATH:hsa05164],6,173,0.0812448068182,0.03468208092485549,"['IFIH1', 'NFKBIB', 'IL6', 'CCL2', 'KPNA1', 'XPO1']",http://www.kegg.jp/kegg-bin/show_pathway?map=hsa05164&multi_query=64135+red%2Cblue%0D%0A4793+red%2Cblue%0D%0A3569+red%2Cblue%0D%0A6347+red%2Cblue%0D%0A3836+red%2Cblue%0D%0A7514+red%2Cblue%0D%0A
04360 Axon guidance [PATH:hsa04360],6,175,0.0851580298836,0.03428571428571429,"['ABLIM1', 'PAK4', 'ROCK2', 'EPHA4', 'SEMA4D', 'ILK']",http://www.kegg.jp/kegg-bin/show_pathway?map=hsa04360&multi_query=3983+red%2Cblue%0D%0A10298+red%2Cblue%0D%0A9475+red%2Cblue%0D%0A2043+red%2Cblue%0D%0A10507+red%2Cblue%0D%0A3611+red%2Cblue%0D%0A
05200 Pathways in cancer [PATH:hsa05200],12,395,0.0859347123718,0.030379746835443037,"['LPAR1', 'ROCK2', 'EDNRB', 'PDGFA', 'FGF2', 'MMP9', 'CSF1R', 'IL6', 'CKS2', 'FADD', 'FH', 'SLC2A1']",http://www.kegg.jp/kegg-bin/show_pathway?map=hsa05200&multi_query=1902+red%2Cblue%0D%0A9475+red%2Cblue%0D%0A1910+red%2Cblue%0D%0A5154+red%2Cblue%0D%0A2247+red%2Cblue%0D%0A4318+red%2Cblue%0D%0A1436+red%2Cblue%0D%0A3569+red%2Cblue%0D%0A1164+red%2Cblue%0D%0A8772+red%2Cblue%0D%0A2271+red%2Cblue%0D%0A6513+red%2Cblue%0D%0A
04614 Renin-angiotensin system [PATH:hsa04614],1,23,0.087673055031,0.043478260869565216,['ANPEP'],http://www.kegg.jp/kegg-bin/show_pathway?map=hsa04614&multi_query=290+red%2Cblue%0D%0A
01040 Biosynthesis of unsaturated fatty acids [PATH:hsa01040],1,23,0.087673055031,0.043478260869565216,['BAAT'],http://www.kegg.jp/kegg-bin/show_pathway?map=hsa01040&multi_query=570+red%2Cblue%0D%0A
04672 Intestinal immune network for IgA production [PATH:hsa04672],2,49,0.0892238352784,0.04081632653061224,"['IL6', 'ITGA4']",http://www.kegg.jp/kegg-bin/show_pathway?map=hsa04672&multi_query=3569+red%2Cblue%0D%0A3676+red%2Cblue%0D%0A
04977 Vitamin digestion and absorption [PATH:hsa04977],1,24,0.0943302604834,0.041666666666666664,['CUBN'],http://www.kegg.jp/kegg-bin/show_pathway?map=hsa04977&multi_query=8029+red%2Cblue%0D%0A
05110 Vibrio cholerae infection [PATH:hsa05110],2,51,0.0978200183211,0.0392156862745098,"['ATP6V1H', 'SEC61G']",http://www.kegg.jp/kegg-bin/show_pathway?map=hsa05110&multi_query=51606+red%2Cblue%0D%0A23480+red%2Cblue%0D%0A
00563 Glycosylphosphatidylinositol(GPI)-anchor biosynthesis [PATH:hsa00563],1,25,0.101127901812,0.04,['PGAP1'],http://www.kegg.jp/kegg-bin/show_pathway?map=hsa00563&multi_query=80055+red%2Cblue%0D%0A
04950 Maturity onset diabetes of the young [PATH:hsa04950],1,26,0.108056870122,0.038461538461538464,['NEUROD1'],http://www.kegg.jp/kegg-bin/show_pathway?map=hsa04950&multi_query=4760+red%2Cblue%0D%0A
05410 Hypertrophic cardiomyopathy (HCM) [PATH:hsa05410],3,85,0.112075862057,0.03529411764705882,"['ITGA4', 'RYR2', 'IL6']",http://www.kegg.jp/kegg-bin/show_pathway?map=hsa05410&multi_query=3676+red%2Cblue%0D%0A6262+red%2Cblue%0D%0A3569+red%2Cblue%0D%0A
04921 Oxytocin signaling pathway [PATH:hsa04921],5,153,0.114267656126,0.032679738562091505,"['RYR1', 'RYR2', 'ITPR1', 'GUCY1A2', 'ROCK2']",http://www.kegg.jp/kegg-bin/show_pathway?map=hsa04921&multi_query=6261+red%2Cblue%0D%0A6262+red%2Cblue%0D%0A3708+red%2Cblue%0D%0A2977+red%2Cblue%0D%0A9475+red%2Cblue%0D%0A
00601 Glycosphingolipid biosynthesis - lacto and neolacto series [PATH:hsa00601],1,27,0.115108380653,0.037037037037037035,['B3GALT2'],http://www.kegg.jp/kegg-bin/show_pathway?map=hsa00601&multi_query=8707+red%2Cblue%0D%0A
03460 Fanconi anemia pathway [PATH:hsa03460],2,55,0.115961820477,0.03636363636363636,"['REV3L', 'TOP3A']",http://www.kegg.jp/kegg-bin/show_pathway?map=hsa03460&multi_query=5980+red%2Cblue%0D%0A7156+red%2Cblue%0D%0A
04630 Jak-STAT signaling pathway [PATH:hsa04630],5,156,0.122246494132,0.03205128205128205,"['IL6', 'IL9', 'IL11', 'IL9R', 'PTPN6']",http://www.kegg.jp/kegg-bin/show_pathway?map=hsa04630&multi_query=3569+red%2Cblue%0D%0A3578+red%2Cblue%0D%0A3589+red%2Cblue%0D%0A3581+red%2Cblue%0D%0A5777+red%2Cblue%0D%0A
04320 Dorso-ventral axis formation [PATH:hsa04320],1,28,0.122273963158,0.03571428571428571,['CPEB3'],http://www.kegg.jp/kegg-bin/show_pathway?map=hsa04320&multi_query=22849+red%2Cblue%0D%0A
05016 Huntington's disease [PATH:hsa05016],6,193,0.125104511238,0.031088082901554404,"['CLTB', 'ITPR1', 'POLR2F', 'NDUFV2', 'UQCRFS1', 'ATP5B']",http://www.kegg.jp/kegg-bin/show_pathway?map=hsa05016&multi_query=1212+red%2Cblue%0D%0A3708+red%2Cblue%0D%0A5435+red%2Cblue%0D%0A4729+red%2Cblue%0D%0A7386+red%2Cblue%0D%0A506+red%2Cblue%0D%0A
04392 Hippo signaling pathway - multiple species [PATH:hsa04392],1,29,0.129545452558,0.034482758620689655,['TEAD3'],http://www.kegg.jp/kegg-bin/show_pathway?map=hsa04392&multi_query=7005+red%2Cblue%0D%0A
04114 Oocyte meiosis [PATH:hsa04114],4,124,0.131053378309,0.03225806451612903,"['CPEB3', 'PLK1', 'CUL1', 'ITPR1']",http://www.kegg.jp/kegg-bin/show_pathway?map=hsa04114&multi_query=22849+red%2Cblue%0D%0A5347+red%2Cblue%0D%0A8454+red%2Cblue%0D%0A3708+red%2Cblue%0D%0A
04912 GnRH signaling pathway [PATH:hsa04912],3,92,0.138297824044,0.03260869565217391,"['ITPR1', 'CGA', 'MMP14']",http://www.kegg.jp/kegg-bin/show_pathway?map=hsa04912&multi_query=3708+red%2Cblue%0D%0A1081+red%2Cblue%0D%0A4323+red%2Cblue%0D%0A
04510 Focal adhesion [PATH:hsa04510],6,199,0.140238964677,0.03015075376884422,"['ITGA4', 'PDGFA', 'ROCK2', 'ILK', 'PAK4', 'RAP1A']",http://www.kegg.jp/kegg-bin/show_pathway?map=hsa04510&multi_query=3676+red%2Cblue%0D%0A5154+red%2Cblue%0D%0A9475+red%2Cblue%0D%0A3611+red%2Cblue%0D%0A10298+red%2Cblue%0D%0A5906+red%2Cblue%0D%0A
04140 Autophagy - animal [PATH:hsa04140],4,128,0.144162291289,0.03125,"['DDIT4', 'IGBP1', 'ITPR1', 'CTSB']",http://www.kegg.jp/kegg-bin/show_pathway?map=hsa04140&multi_query=54541+red%2Cblue%0D%0A3476+red%2Cblue%0D%0A3708+red%2Cblue%0D%0A1508+red%2Cblue%0D%0A
04710 Circadian rhythm [PATH:hsa04710],1,31,0.144374963128,0.03225806451612903,['CUL1'],http://www.kegg.jp/kegg-bin/show_pathway?map=hsa04710&multi_query=8454+red%2Cblue%0D%0A
01523 Antifolate resistance [PATH:hsa01523],1,31,0.144374963128,0.03225806451612903,['IL6'],http://www.kegg.jp/kegg-bin/show_pathway?map=hsa01523&multi_query=3569+red%2Cblue%0D%0A
05310 Asthma [PATH:hsa05310],1,31,0.144374963128,0.03225806451612903,['IL9'],http://www.kegg.jp/kegg-bin/show_pathway?map=hsa05310&multi_query=3578+red%2Cblue%0D%0A
00052 Galactose metabolism [PATH:hsa00052],1,31,0.144374963128,0.03225806451612903,['PFKL'],http://www.kegg.jp/kegg-bin/show_pathway?map=hsa00052&multi_query=5211+red%2Cblue%0D%0A
00020 Citrate cycle (TCA cycle) [PATH:hsa00020],1,31,0.144374963128,0.03225806451612903,['FH'],http://www.kegg.jp/kegg-bin/show_pathway?map=hsa00020&multi_query=2271+red%2Cblue%0D%0A
05169 Epstein-Barr virus infection [PATH:hsa05169],6,203,0.150803783105,0.029556650246305417,"['POLR2F', 'XPO1', 'PSMD12', 'PSMD11', 'NFKBIB', 'IRAK1']",http://www.kegg.jp/kegg-bin/show_pathway?map=hsa05169&multi_query=5435+red%2Cblue%0D%0A7514+red%2Cblue%0D%0A5718+red%2Cblue%0D%0A5717+red%2Cblue%0D%0A4793+red%2Cblue%0D%0A3654+red%2Cblue%0D%0A
03020 RNA polymerase [PATH:hsa03020],1,32,0.15191809922,0.03125,['POLR2F'],http://www.kegg.jp/kegg-bin/show_pathway?map=hsa03020&multi_query=5435+red%2Cblue%0D%0A
04136 Autophagy - other eukaryotes [PATH:hsa04136],1,32,0.15191809922,0.03125,['IGBP1'],http://www.kegg.jp/kegg-bin/show_pathway?map=hsa04136&multi_query=3476+red%2Cblue%0D%0A
05146 Amoebiasis [PATH:hsa05146],3,96,0.154294711455,0.03125,"['RAB5B', 'RAB5C', 'IL6']",http://www.kegg.jp/kegg-bin/show_pathway?map=hsa05146&multi_query=5869+red%2Cblue%0D%0A5878+red%2Cblue%0D%0A3569+red%2Cblue%0D%0A
04270 Vascular smooth muscle contraction [PATH:hsa04270],4,131,0.154353202116,0.030534351145038167,"['ITPR1', 'ROCK2', 'PTGIR', 'GUCY1A2']",http://www.kegg.jp/kegg-bin/show_pathway?map=hsa04270&multi_query=3708+red%2Cblue%0D%0A9475+red%2Cblue%0D%0A5739+red%2Cblue%0D%0A2977+red%2Cblue%0D%0A
04068 FoxO signaling pathway [PATH:hsa04068],4,132,0.157815857503,0.030303030303030304,"['FOXO4', 'IL6', 'PLK1', 'PLK2']",http://www.kegg.jp/kegg-bin/show_pathway?map=hsa04068&multi_query=4303+red%2Cblue%0D%0A3569+red%2Cblue%0D%0A5347+red%2Cblue%0D%0A10769+red%2Cblue%0D%0A
04070 Phosphatidylinositol signaling system [PATH:hsa04070],3,97,0.158399760186,0.030927835051546393,"['INPPL1', 'INPP4B', 'ITPR1']",http://www.kegg.jp/kegg-bin/show_pathway?map=hsa04070&multi_query=3636+red%2Cblue%0D%0A8821+red%2Cblue%0D%0A3708+red%2Cblue%0D%0A
04215 Apoptosis - multiple species [PATH:hsa04215],1,33,0.159537355057,0.030303030303030304,['FADD'],http://www.kegg.jp/kegg-bin/show_pathway?map=hsa04215&multi_query=8772+red%2Cblue%0D%0A
00051 Fructose and mannose metabolism [PATH:hsa00051],1,33,0.159537355057,0.030303030303030304,['PFKL'],http://www.kegg.jp/kegg-bin/show_pathway?map=hsa00051&multi_query=5211+red%2Cblue%0D%0A
05322 Systemic lupus erythematosus [PATH:hsa05322],4,133,0.161310467534,0.03007518796992481,"['HIST1H2AK', 'HIST1H2BJ', 'SNRPD1', 'SSB']",http://www.kegg.jp/kegg-bin/show_pathway?map=hsa05322&multi_query=8330+red%2Cblue%0D%0A8970+red%2Cblue%0D%0A6632+red%2Cblue%0D%0A6741+red%2Cblue%0D%0A
00190 Oxidative phosphorylation [PATH:hsa00190],4,133,0.161310467534,0.03007518796992481,"['NDUFV2', 'UQCRFS1', 'ATP5B', 'ATP6V1H']",http://www.kegg.jp/kegg-bin/show_pathway?map=hsa00190&multi_query=4729+red%2Cblue%0D%0A7386+red%2Cblue%0D%0A506+red%2Cblue%0D%0A51606+red%2Cblue%0D%0A
03040 Spliceosome [PATH:hsa03040],4,134,0.164836487809,0.029850746268656716,"['SNRPD1', 'NCBP2', 'HNRNPM', 'SRSF8']",http://www.kegg.jp/kegg-bin/show_pathway?map=hsa03040&multi_query=6632+red%2Cblue%0D%0A22916+red%2Cblue%0D%0A4670+red%2Cblue%0D%0A10929+red%2Cblue%0D%0A
05131 Shigellosis [PATH:hsa05131],2,65,0.166068610586,0.03076923076923077,"['ROCK2', 'NFKBIB']",http://www.kegg.jp/kegg-bin/show_pathway?map=hsa05131&multi_query=9475+red%2Cblue%0D%0A4793+red%2Cblue%0D%0A
05230 Central carbon metabolism in cancer [PATH:hsa05230],2,65,0.166068610586,0.03076923076923077,"['SLC2A1', 'PFKL']",http://www.kegg.jp/kegg-bin/show_pathway?map=hsa05230&multi_query=6513+red%2Cblue%0D%0A5211+red%2Cblue%0D%0A
04066 HIF-1 signaling pathway [PATH:hsa04066],3,99,0.166730092976,0.030303030303030304,"['IL6', 'SLC2A1', 'PFKL']",http://www.kegg.jp/kegg-bin/show_pathway?map=hsa04066&multi_query=3569+red%2Cblue%0D%0A6513+red%2Cblue%0D%0A5211+red%2Cblue%0D%0A
05020 Prion diseases [PATH:hsa05020],1,35,0.174977396066,0.02857142857142857,['IL6'],http://www.kegg.jp/kegg-bin/show_pathway?map=hsa05020&multi_query=3569+red%2Cblue%0D%0A
05143 African trypanosomiasis [PATH:hsa05143],1,35,0.174977396066,0.02857142857142857,['IL6'],http://www.kegg.jp/kegg-bin/show_pathway?map=hsa05143&multi_query=3569+red%2Cblue%0D%0A
04120 Ubiquitin mediated proteolysis [PATH:hsa04120],4,137,0.175597459499,0.029197080291970802,"['UBE2L6', 'RCHY1', 'CUL1', 'CUL4A']",http://www.kegg.jp/kegg-bin/show_pathway?map=hsa04120&multi_query=9246+red%2Cblue%0D%0A25898+red%2Cblue%0D%0A8454+red%2Cblue%0D%0A8451+red%2Cblue%0D%0A
04720 Long-term potentiation [PATH:hsa04720],2,67,0.176767951478,0.029850746268656716,"['RAP1A', 'ITPR1']",http://www.kegg.jp/kegg-bin/show_pathway?map=hsa04720&multi_query=5906+red%2Cblue%0D%0A3708+red%2Cblue%0D%0A
05120 Epithelial cell signaling in Helicobacter pylori infection [PATH:hsa05120],2,68,0.182188561157,0.029411764705882353,"['CSK', 'ATP6V1H']",http://www.kegg.jp/kegg-bin/show_pathway?map=hsa05120&multi_query=1445+red%2Cblue%0D%0A51606+red%2Cblue%0D%0A
00010 Glycolysis / Gluconeogenesis [PATH:hsa00010],2,68,0.182188561157,0.029411764705882353,"['PFKL', 'BPGM']",http://www.kegg.jp/kegg-bin/show_pathway?map=hsa00010&multi_query=5211+red%2Cblue%0D%0A669+red%2Cblue%0D%0A
04922 Glucagon signaling pathway [PATH:hsa04922],3,103,0.183844084254,0.02912621359223301,"['ITPR1', 'SLC2A1', 'PFKL']",http://www.kegg.jp/kegg-bin/show_pathway?map=hsa04922&multi_query=3708+red%2Cblue%0D%0A6513+red%2Cblue%0D%0A5211+red%2Cblue%0D%0A
04920 Adipocytokine signaling pathway [PATH:hsa04920],2,69,0.187653678175,0.028985507246376812,"['NFKBIB', 'SLC2A1']",http://www.kegg.jp/kegg-bin/show_pathway?map=hsa04920&multi_query=4793+red%2Cblue%0D%0A6513+red%2Cblue%0D%0A
05218 Melanoma [PATH:hsa05218],2,69,0.187653678175,0.028985507246376812,"['FGF2', 'PDGFA']",http://www.kegg.jp/kegg-bin/show_pathway?map=hsa05218&multi_query=2247+red%2Cblue%0D%0A5154+red%2Cblue%0D%0A
05012 Parkinson's disease [PATH:hsa05012],4,142,0.194107867611,0.028169014084507043,"['UBE2L6', 'NDUFV2', 'UQCRFS1', 'ATP5B']",http://www.kegg.jp/kegg-bin/show_pathway?map=hsa05012&multi_query=9246+red%2Cblue%0D%0A4729+red%2Cblue%0D%0A7386+red%2Cblue%0D%0A506+red%2Cblue%0D%0A
03008 Ribosome biogenesis in eukaryotes [PATH:hsa03008],3,106,0.19704474505,0.02830188679245283,"['MPHOSPH10', 'RPP30', 'XPO1']",http://www.kegg.jp/kegg-bin/show_pathway?map=hsa03008&multi_query=10199+red%2Cblue%0D%0A10556+red%2Cblue%0D%0A7514+red%2Cblue%0D%0A
00562 Inositol phosphate metabolism [PATH:hsa00562],2,71,0.198709170506,0.028169014084507043,"['INPPL1', 'INPP4B']",http://www.kegg.jp/kegg-bin/show_pathway?map=hsa00562&multi_query=3636+red%2Cblue%0D%0A8821+red%2Cblue%0D%0A
04659 Th17 cell differentiation [PATH:hsa04659],3,107,0.201509138963,0.028037383177570093,"['IL6', 'IL17A', 'NFKBIB']",http://www.kegg.jp/kegg-bin/show_pathway?map=hsa04659&multi_query=3569+red%2Cblue%0D%0A3605+red%2Cblue%0D%0A4793+red%2Cblue%0D%0A
05161 Hepatitis B [PATH:hsa05161],4,144,0.201699773038,0.027777777777777776,"['FADD', 'MMP9', 'IFIH1', 'IL6']",http://www.kegg.jp/kegg-bin/show_pathway?map=hsa05161&multi_query=8772+red%2Cblue%0D%0A4318+red%2Cblue%0D%0A64135+red%2Cblue%0D%0A3569+red%2Cblue%0D%0A
04020 Calcium signaling pathway [PATH:hsa04020],5,182,0.201810206235,0.027472527472527472,"['RYR1', 'RYR2', 'EDNRB', 'ITPR1', 'PDE1B']",http://www.kegg.jp/kegg-bin/show_pathway?map=hsa04020&multi_query=6261+red%2Cblue%0D%0A6262+red%2Cblue%0D%0A1910+red%2Cblue%0D%0A3708+red%2Cblue%0D%0A5153+red%2Cblue%0D%0A
05412 Arrhythmogenic right ventricular cardiomyopathy (ARVC) [PATH:hsa05412],2,72,0.204295457477,0.027777777777777776,"['ITGA4', 'RYR2']",http://www.kegg.jp/kegg-bin/show_pathway?map=hsa05412&multi_query=3676+red%2Cblue%0D%0A6262+red%2Cblue%0D%0A
04514 Cell adhesion molecules (CAMs) [PATH:hsa04514],4,145,0.205533562744,0.027586206896551724,"['ICAM3', 'CLDN8', 'SELP', 'ITGA4']",http://www.kegg.jp/kegg-bin/show_pathway?map=hsa04514&multi_query=3385+red%2Cblue%0D%0A9073+red%2Cblue%0D%0A6403+red%2Cblue%0D%0A3676+red%2Cblue%0D%0A
04072 Phospholipase D signaling pathway [PATH:hsa04072],4,146,0.20939176796,0.0273972602739726,"['PDGFA', 'GAB1', 'AVPR2', 'LPAR1']",http://www.kegg.jp/kegg-bin/show_pathway?map=hsa04072&multi_query=5154+red%2Cblue%0D%0A2549+red%2Cblue%0D%0A554+red%2Cblue%0D%0A1902+red%2Cblue%0D%0A
01524 Platinum drug resistance [PATH:hsa01524],2,73,0.20991807766,0.0273972602739726,"['REV3L', 'FADD']",http://www.kegg.jp/kegg-bin/show_pathway?map=hsa01524&multi_query=5980+red%2Cblue%0D%0A8772+red%2Cblue%0D%0A
"00260 Glycine, serine and threonine metabolism [PATH:hsa00260]",1,40,0.214465799008,0.025,['BPGM'],http://www.kegg.jp/kegg-bin/show_pathway?map=hsa00260&multi_query=669+red%2Cblue%0D%0A
04216 Ferroptosis [PATH:hsa04216],1,40,0.214465799008,0.025,['SLC39A14'],http://www.kegg.jp/kegg-bin/show_pathway?map=hsa04216&multi_query=23516+red%2Cblue%0D%0A
00620 Pyruvate metabolism [PATH:hsa00620],1,40,0.214465799008,0.025,['FH'],http://www.kegg.jp/kegg-bin/show_pathway?map=hsa00620&multi_query=2271+red%2Cblue%0D%0A
05033 Nicotine addiction [PATH:hsa05033],1,40,0.214465799008,0.025,['SLC17A7'],http://www.kegg.jp/kegg-bin/show_pathway?map=hsa05033&multi_query=57030+red%2Cblue%0D%0A
04932 Non-alcoholic fatty liver disease (NAFLD) [PATH:hsa04932],4,149,0.221106755734,0.026845637583892617,"['IL6', 'DDIT3', 'NDUFV2', 'UQCRFS1']",http://www.kegg.jp/kegg-bin/show_pathway?map=hsa04932&multi_query=3569+red%2Cblue%0D%0A1649+red%2Cblue%0D%0A4729+red%2Cblue%0D%0A7386+red%2Cblue%0D%0A
01230 Biosynthesis of amino acids [PATH:hsa01230],2,75,0.221264359116,0.02666666666666667,"['PFKL', 'PRPS1']",http://www.kegg.jp/kegg-bin/show_pathway?map=hsa01230&multi_query=5211+red%2Cblue%0D%0A5631+red%2Cblue%0D%0A
03440 Homologous recombination [PATH:hsa03440],1,41,0.222470656869,0.024390243902439025,['TOP3A'],http://www.kegg.jp/kegg-bin/show_pathway?map=hsa03440&multi_query=7156+red%2Cblue%0D%0A
05332 Graft-versus-host disease [PATH:hsa05332],1,41,0.222470656869,0.024390243902439025,['IL6'],http://www.kegg.jp/kegg-bin/show_pathway?map=hsa05332&multi_query=3569+red%2Cblue%0D%0A
05219 Bladder cancer [PATH:hsa05219],1,41,0.222470656869,0.024390243902439025,['MMP9'],http://www.kegg.jp/kegg-bin/show_pathway?map=hsa05219&multi_query=4318+red%2Cblue%0D%0A
05133 Pertussis [PATH:hsa05133],2,76,0.226984096252,0.02631578947368421,"['IRAK1', 'IL6']",http://www.kegg.jp/kegg-bin/show_pathway?map=hsa05133&multi_query=3654+red%2Cblue%0D%0A3569+red%2Cblue%0D%0A
04145 Phagosome [PATH:hsa04145],4,152,0.233019348929,0.02631578947368421,"['RAB5B', 'RAB5C', 'ATP6V1H', 'SEC61G']",http://www.kegg.jp/kegg-bin/show_pathway?map=hsa04145&multi_query=5869+red%2Cblue%0D%0A5878+red%2Cblue%0D%0A51606+red%2Cblue%0D%0A23480+red%2Cblue%0D%0A
01200 Carbon metabolism [PATH:hsa01200],3,114,0.233554187716,0.02631578947368421,"['PFKL', 'PRPS1', 'FH']",http://www.kegg.jp/kegg-bin/show_pathway?map=hsa01200&multi_query=5211+red%2Cblue%0D%0A5631+red%2Cblue%0D%0A2271+red%2Cblue%0D%0A
04724 Glutamatergic synapse [PATH:hsa04724],3,114,0.233554187716,0.02631578947368421,"['SLC17A7', 'DLGAP1', 'ITPR1']",http://www.kegg.jp/kegg-bin/show_pathway?map=hsa04724&multi_query=57030+red%2Cblue%0D%0A9229+red%2Cblue%0D%0A3708+red%2Cblue%0D%0A
04260 Cardiac muscle contraction [PATH:hsa04260],2,78,0.238507128321,0.02564102564102564,"['RYR2', 'UQCRFS1']",http://www.kegg.jp/kegg-bin/show_pathway?map=hsa04260&multi_query=6262+red%2Cblue%0D%0A7386+red%2Cblue%0D%0A
04919 Thyroid hormone signaling pathway [PATH:hsa04919],3,116,0.242934867323,0.02586206896551724,"['KAT2B', 'NCOA2', 'SLC2A1']",http://www.kegg.jp/kegg-bin/show_pathway?map=hsa04919&multi_query=8850+red%2Cblue%0D%0A10499+red%2Cblue%0D%0A6513+red%2Cblue%0D%0A
00565 Ether lipid metabolism [PATH:hsa00565],1,45,0.254680666295,0.022222222222222223,['PAFAH1B2'],http://www.kegg.jp/kegg-bin/show_pathway?map=hsa00565&multi_query=5049+red%2Cblue%0D%0A
00983 Drug metabolism - other enzymes [PATH:hsa00983],1,46,0.262758502701,0.021739130434782608,['TK1'],http://www.kegg.jp/kegg-bin/show_pathway?map=hsa00983&multi_query=7083+red%2Cblue%0D%0A
03420 Nucleotide excision repair [PATH:hsa03420],1,47,0.270838183015,0.02127659574468085,['CUL4A'],http://www.kegg.jp/kegg-bin/show_pathway?map=hsa03420&multi_query=8451+red%2Cblue%0D%0A
04340 Hedgehog signaling pathway [PATH:hsa04340],1,47,0.270838183015,0.02127659574468085,['CUL1'],http://www.kegg.jp/kegg-bin/show_pathway?map=hsa04340&multi_query=8454+red%2Cblue%0D%0A
00600 Sphingolipid metabolism [PATH:hsa00600],1,47,0.270838183015,0.02127659574468085,['GALC'],http://www.kegg.jp/kegg-bin/show_pathway?map=hsa00600&multi_query=2581+red%2Cblue%0D%0A
04022 cGMP - PKG signaling pathway [PATH:hsa04022],4,163,0.278117955399,0.024539877300613498,"['EDNRB', 'ITPR1', 'ROCK2', 'GUCY1A2']",http://www.kegg.jp/kegg-bin/show_pathway?map=hsa04022&multi_query=1910+red%2Cblue%0D%0A3708+red%2Cblue%0D%0A9475+red%2Cblue%0D%0A2977+red%2Cblue%0D%0A
04330 Notch signaling pathway [PATH:hsa04330],1,48,0.27891586376,0.020833333333333332,['KAT2B'],http://www.kegg.jp/kegg-bin/show_pathway?map=hsa04330&multi_query=8850+red%2Cblue%0D%0A
04911 Insulin secretion [PATH:hsa04911],2,85,0.279520770921,0.023529411764705882,"['SLC2A1', 'RYR2']",http://www.kegg.jp/kegg-bin/show_pathway?map=hsa04911&multi_query=6513+red%2Cblue%0D%0A6262+red%2Cblue%0D%0A
05132 Salmonella infection [PATH:hsa05132],2,86,0.285442913813,0.023255813953488372,"['IL6', 'ROCK2']",http://www.kegg.jp/kegg-bin/show_pathway?map=hsa05132&multi_query=3569+red%2Cblue%0D%0A9475+red%2Cblue%0D%0A
04012 ErbB signaling pathway [PATH:hsa04012],2,86,0.285442913813,0.023255813953488372,"['PAK4', 'GAB1']",http://www.kegg.jp/kegg-bin/show_pathway?map=hsa04012&multi_query=10298+red%2Cblue%0D%0A2549+red%2Cblue%0D%0A
05030 Cocaine addiction [PATH:hsa05030],1,49,0.286987864975,0.02040816326530612,['RGS9'],http://www.kegg.jp/kegg-bin/show_pathway?map=hsa05030&multi_query=8787+red%2Cblue%0D%0A
04141 Protein processing in endoplasmic reticulum [PATH:hsa04141],4,166,0.290730518265,0.024096385542168676,"['SEC61G', 'DDIT3', 'RNF5', 'CUL1']",http://www.kegg.jp/kegg-bin/show_pathway?map=hsa04141&multi_query=23480+red%2Cblue%0D%0A1649+red%2Cblue%0D%0A6048+red%2Cblue%0D%0A8454+red%2Cblue%0D%0A
05213 Endometrial cancer [PATH:hsa05213],1,50,0.295050665012,0.02,['ILK'],http://www.kegg.jp/kegg-bin/show_pathway?map=hsa05213&multi_query=3611+red%2Cblue%0D%0A
04913 Ovarian Steroidogenesis [PATH:hsa04913],1,50,0.295050665012,0.02,['CGA'],http://www.kegg.jp/kegg-bin/show_pathway?map=hsa04913&multi_query=1081+red%2Cblue%0D%0A
04978 Mineral absorption [PATH:hsa04978],1,51,0.303100895486,0.0196078431372549,['MT1G'],http://www.kegg.jp/kegg-bin/show_pathway?map=hsa04978&multi_query=4495+red%2Cblue%0D%0A
04530 Tight junction [PATH:hsa04530],4,170,0.307704118519,0.023529411764705882,"['CLDN8', 'ACTR2', 'ROCK2', 'RAP1A']",http://www.kegg.jp/kegg-bin/show_pathway?map=hsa04530&multi_query=9073+red%2Cblue%0D%0A10097+red%2Cblue%0D%0A9475+red%2Cblue%0D%0A5906+red%2Cblue%0D%0A
05414 Dilated cardiomyopathy (DCM) [PATH:hsa05414],2,90,0.309222061564,0.022222222222222223,"['ITGA4', 'RYR2']",http://www.kegg.jp/kegg-bin/show_pathway?map=hsa05414&multi_query=3676+red%2Cblue%0D%0A6262+red%2Cblue%0D%0A
04970 Salivary secretion [PATH:hsa04970],2,90,0.309222061564,0.022222222222222223,"['ITPR1', 'GUCY1A2']",http://www.kegg.jp/kegg-bin/show_pathway?map=hsa04970&multi_query=3708+red%2Cblue%0D%0A2977+red%2Cblue%0D%0A
04974 Protein digestion and absorption [PATH:hsa04974],2,90,0.309222061564,0.022222222222222223,"['MEP1B', 'DPP4']",http://www.kegg.jp/kegg-bin/show_pathway?map=hsa04974&multi_query=4225+red%2Cblue%0D%0A1803+red%2Cblue%0D%0A
04810 Regulation of actin cytoskeleton [PATH:hsa04810],5,212,0.310752922904,0.02358490566037736,"['FGF2', 'PDGFA', 'ITGA4', 'PAK4', 'ROCK2']",http://www.kegg.jp/kegg-bin/show_pathway?map=hsa04810&multi_query=2247+red%2Cblue%0D%0A5154+red%2Cblue%0D%0A3676+red%2Cblue%0D%0A10298+red%2Cblue%0D%0A9475+red%2Cblue%0D%0A
03013 RNA transport [PATH:hsa03013],4,171,0.311971487203,0.023391812865497075,"['RPP30', 'XPO1', 'NCBP2', 'EIF3G']",http://www.kegg.jp/kegg-bin/show_pathway?map=hsa03013&multi_query=10556+red%2Cblue%0D%0A7514+red%2Cblue%0D%0A22916+red%2Cblue%0D%0A8666+red%2Cblue%0D%0A
04010 MAPK signaling pathway [PATH:hsa04010],6,255,0.315148298419,0.023529411764705882,"['RAP1A', 'NGF', 'FGF2', 'PDGFA', 'MAPT', 'DDIT3']",http://www.kegg.jp/kegg-bin/show_pathway?map=hsa04010&multi_query=5906+red%2Cblue%0D%0A4803+red%2Cblue%0D%0A2247+red%2Cblue%0D%0A5154+red%2Cblue%0D%0A4137+red%2Cblue%0D%0A1649+red%2Cblue%0D%0A
04666 Fc gamma R-mediated phagocytosis [PATH:hsa04666],2,91,0.315181592339,0.02197802197802198,"['MARCKS', 'INPPL1']",http://www.kegg.jp/kegg-bin/show_pathway?map=hsa04666&multi_query=4082+red%2Cblue%0D%0A3636+red%2Cblue%0D%0A
05166 HTLV-I infection [PATH:hsa05166],6,256,0.318650439616,0.0234375,"['SLC2A1', 'RANBP3', 'XPO1', 'PDGFA', 'IL6', 'KAT2B']",http://www.kegg.jp/kegg-bin/show_pathway?map=hsa05166&multi_query=6513+red%2Cblue%0D%0A8498+red%2Cblue%0D%0A7514+red%2Cblue%0D%0A5154+red%2Cblue%0D%0A3569+red%2Cblue%0D%0A8850+red%2Cblue%0D%0A
05320 Autoimmune thyroid disease [PATH:hsa05320],1,53,0.319150911215,0.018867924528301886,['CGA'],http://www.kegg.jp/kegg-bin/show_pathway?map=hsa05320&multi_query=1081+red%2Cblue%0D%0A
05167 Kaposi's sarcoma-associated herpesvirus infection [PATH:hsa05167],4,173,0.320530798142,0.023121387283236993,"['IL6', 'FADD', 'ITPR1', 'FGF2']",http://www.kegg.jp/kegg-bin/show_pathway?map=hsa05167&multi_query=3569+red%2Cblue%0D%0A8772+red%2Cblue%0D%0A3708+red%2Cblue%0D%0A2247+red%2Cblue%0D%0A
04151 PI3K-Akt signaling pathway [PATH:hsa04151],8,342,0.322179355886,0.023391812865497075,"['FGF2', 'NGF', 'PDGFA', 'CSF1R', 'IL6', 'ITGA4', 'LPAR1', 'DDIT4']",http://www.kegg.jp/kegg-bin/show_pathway?map=hsa04151&multi_query=2247+red%2Cblue%0D%0A4803+red%2Cblue%0D%0A5154+red%2Cblue%0D%0A1436+red%2Cblue%0D%0A3569+red%2Cblue%0D%0A3676+red%2Cblue%0D%0A1902+red%2Cblue%0D%0A54541+red%2Cblue%0D%0A
00480 Glutathione metabolism [PATH:hsa00480],1,54,0.327144682485,0.018518518518518517,['ANPEP'],http://www.kegg.jp/kegg-bin/show_pathway?map=hsa00480&multi_query=290+red%2Cblue%0D%0A
04923 Regulation of lipolysis in adipocyte [PATH:hsa04923],1,54,0.327144682485,0.018518518518518517,['CGA'],http://www.kegg.jp/kegg-bin/show_pathway?map=hsa04923&multi_query=1081+red%2Cblue%0D%0A
05130 Pathogenic Escherichia coli infection [PATH:hsa05130],1,55,0.33511384709,0.01818181818181818,['ROCK2'],http://www.kegg.jp/kegg-bin/show_pathway?map=hsa05130&multi_query=9475+red%2Cblue%0D%0A
05134 Legionellosis [PATH:hsa05134],1,55,0.33511384709,0.01818181818181818,['IL6'],http://www.kegg.jp/kegg-bin/show_pathway?map=hsa05134&multi_query=3569+red%2Cblue%0D%0A
00564 Glycerophospholipid metabolism [PATH:hsa00564],2,95,0.339033566394,0.021052631578947368,"['MBOAT2', 'LYPLA2']",http://www.kegg.jp/kegg-bin/show_pathway?map=hsa00564&multi_query=129642+red%2Cblue%0D%0A11313+red%2Cblue%0D%0A
05150 Staphylococcus aureus infection [PATH:hsa05150],1,56,0.343055731974,0.017857142857142856,['SELP'],http://www.kegg.jp/kegg-bin/show_pathway?map=hsa05150&multi_query=6403+red%2Cblue%0D%0A
04914 Progesterone-mediated oocyte maturation [PATH:hsa04914],2,96,0.34499288429,0.020833333333333332,"['CPEB3', 'PLK1']",http://www.kegg.jp/kegg-bin/show_pathway?map=hsa04914&multi_query=22849+red%2Cblue%0D%0A5347+red%2Cblue%0D%0A
04371 Apelin signaling pathway [PATH:hsa04371],3,137,0.345104328541,0.021897810218978103,"['ITPR1', 'RYR1', 'RYR2']",http://www.kegg.jp/kegg-bin/show_pathway?map=hsa04371&multi_query=3708+red%2Cblue%0D%0A6261+red%2Cblue%0D%0A6262+red%2Cblue%0D%0A
04750 Inflammatory mediator regulation of TRP channels [PATH:hsa04750],2,97,0.350947983999,0.020618556701030927,"['ITPR1', 'NGF']",http://www.kegg.jp/kegg-bin/show_pathway?map=hsa04750&multi_query=3708+red%2Cblue%0D%0A4803+red%2Cblue%0D%0A
05418 Fluid shear stress and atherosclerosis [PATH:hsa05418],3,139,0.355007610126,0.02158273381294964,"['MMP9', 'CCL2', 'PDGFA']",http://www.kegg.jp/kegg-bin/show_pathway?map=hsa05418&multi_query=4318+red%2Cblue%0D%0A6347+red%2Cblue%0D%0A5154+red%2Cblue%0D%0A
04915 Estrogen signaling pathway [PATH:hsa04915],2,98,0.356897545177,0.02040816326530612,"['MMP9', 'ITPR1']",http://www.kegg.jp/kegg-bin/show_pathway?map=hsa04915&multi_query=4318+red%2Cblue%0D%0A3708+red%2Cblue%0D%0A
04933 AGE-RAGE signaling pathway in diabetic complications [PATH:hsa04933],2,99,0.362840278056,0.020202020202020204,"['CCL2', 'IL6']",http://www.kegg.jp/kegg-bin/show_pathway?map=hsa04933&multi_query=6347+red%2Cblue%0D%0A3569+red%2Cblue%0D%0A
00561 Glycerolipid metabolism [PATH:hsa00561],1,59,0.366692839974,0.01694915254237288,['MBOAT2'],http://www.kegg.jp/kegg-bin/show_pathway?map=hsa00561&multi_query=129642+red%2Cblue%0D%0A
04062 Chemokine signaling pathway [PATH:hsa04062],4,185,0.372331046339,0.021621621621621623,"['CCL2', 'NFKBIB', 'ROCK2', 'RAP1A']",http://www.kegg.jp/kegg-bin/show_pathway?map=hsa04062&multi_query=6347+red%2Cblue%0D%0A4793+red%2Cblue%0D%0A9475+red%2Cblue%0D%0A5906+red%2Cblue%0D%0A
04723 Retrograde endocannabinoid signaling [PATH:hsa04723],3,148,0.399499693591,0.02027027027027027,"['SLC17A7', 'ITPR1', 'NDUFV2']",http://www.kegg.jp/kegg-bin/show_pathway?map=hsa04723&multi_query=57030+red%2Cblue%0D%0A3708+red%2Cblue%0D%0A4729+red%2Cblue%0D%0A
05214 Glioma [PATH:hsa05214],1,64,0.405327629412,0.015625,['PDGFA'],http://www.kegg.jp/kegg-bin/show_pathway?map=hsa05214&multi_query=5154+red%2Cblue%0D%0A
04931 Insulin resistance [PATH:hsa04931],2,107,0.409991540247,0.018691588785046728,"['IL6', 'SLC2A1']",http://www.kegg.jp/kegg-bin/show_pathway?map=hsa04931&multi_query=3569+red%2Cblue%0D%0A6513+red%2Cblue%0D%0A
04024 cAMP signaling pathway [PATH:hsa04024],4,198,0.428507903919,0.020202020202020204,"['GIPR', 'RAP1A', 'ROCK2', 'RYR2']",http://www.kegg.jp/kegg-bin/show_pathway?map=hsa04024&multi_query=2696+red%2Cblue%0D%0A5906+red%2Cblue%0D%0A9475+red%2Cblue%0D%0A6262+red%2Cblue%0D%0A
04664 Fc epsilon RI signaling pathway [PATH:hsa04664],1,68,0.435417402564,0.014705882352941176,['LCP2'],http://www.kegg.jp/kegg-bin/show_pathway?map=hsa04664&multi_query=3937+red%2Cblue%0D%0A
04115 p53 signaling pathway [PATH:hsa04115],1,69,0.442813334635,0.014492753623188406,['RCHY1'],http://www.kegg.jp/kegg-bin/show_pathway?map=hsa04115&multi_query=25898+red%2Cblue%0D%0A
05145 Toxoplasmosis [PATH:hsa05145],2,113,0.444670837216,0.017699115044247787,"['IRAK1', 'NFKBIB']",http://www.kegg.jp/kegg-bin/show_pathway?map=hsa05145&multi_query=3654+red%2Cblue%0D%0A4793+red%2Cblue%0D%0A
04917 Prolactin signaling pathway [PATH:hsa04917],1,70,0.450156043526,0.014285714285714285,['CGA'],http://www.kegg.jp/kegg-bin/show_pathway?map=hsa04917&multi_query=1081+red%2Cblue%0D%0A
04520 Adherens junction [PATH:hsa04520],1,72,0.464677184435,0.013888888888888888,['PTPN6'],http://www.kegg.jp/kegg-bin/show_pathway?map=hsa04520&multi_query=5777+red%2Cblue%0D%0A
03320 PPAR signaling pathway [PATH:hsa03320],1,72,0.464677184435,0.013888888888888888,['ILK'],http://www.kegg.jp/kegg-bin/show_pathway?map=hsa03320&multi_query=3611+red%2Cblue%0D%0A
05206 MicroRNAs in cancer [PATH:hsa05206],6,299,0.471855275807,0.020066889632107024,"['HOXD10', 'DDIT4', 'PAK4', 'MMP9', 'PDGFA', 'MARCKS']",http://www.kegg.jp/kegg-bin/show_pathway?map=hsa05206&multi_query=3236+red%2Cblue%0D%0A54541+red%2Cblue%0D%0A10298+red%2Cblue%0D%0A4318+red%2Cblue%0D%0A5154+red%2Cblue%0D%0A4082+red%2Cblue%0D%0A
04071 Sphingolipid signaling pathway [PATH:hsa04071],2,118,0.472957797231,0.01694915254237288,"['S1PR2', 'ROCK2']",http://www.kegg.jp/kegg-bin/show_pathway?map=hsa04071&multi_query=9294+red%2Cblue%0D%0A9475+red%2Cblue%0D%0A
04217 Necroptosis [PATH:hsa04217],3,164,0.477030785843,0.018292682926829267,"['SPATA2', 'FADD', 'HIST1H2AK']",http://www.kegg.jp/kegg-bin/show_pathway?map=hsa04217&multi_query=9825+red%2Cblue%0D%0A8772+red%2Cblue%0D%0A8330+red%2Cblue%0D%0A
04971 Gastric acid secretion [PATH:hsa04971],1,75,0.486032836167,0.013333333333333334,['ITPR1'],http://www.kegg.jp/kegg-bin/show_pathway?map=hsa04971&multi_query=3708+red%2Cblue%0D%0A
04612 Antigen processing and presentation [PATH:hsa04612],1,77,0.499975535684,0.012987012987012988,['CTSB'],http://www.kegg.jp/kegg-bin/show_pathway?map=hsa04612&multi_query=1508+red%2Cblue%0D%0A
03018 RNA degradation [PATH:hsa03018],1,77,0.499975535684,0.012987012987012988,['PFKL'],http://www.kegg.jp/kegg-bin/show_pathway?map=hsa03018&multi_query=5211+red%2Cblue%0D%0A
04110 Cell cycle [PATH:hsa04110],2,124,0.506022320369,0.016129032258064516,"['CUL1', 'PLK1']",http://www.kegg.jp/kegg-bin/show_pathway?map=hsa04110&multi_query=8454+red%2Cblue%0D%0A5347+red%2Cblue%0D%0A
04380 Osteoclast differentiation [PATH:hsa04380],2,128,0.52746786205,0.015625,"['CSF1R', 'LCP2']",http://www.kegg.jp/kegg-bin/show_pathway?map=hsa04380&multi_query=1436+red%2Cblue%0D%0A3937+red%2Cblue%0D%0A
04512 ECM-receptor interaction [PATH:hsa04512],1,82,0.533760915474,0.012195121951219513,['ITGA4'],http://www.kegg.jp/kegg-bin/show_pathway?map=hsa04512&multi_query=3676+red%2Cblue%0D%0A
04925 Aldosterone synthesis and secretion [PATH:hsa04925],1,82,0.533760915474,0.012195121951219513,['ITPR1'],http://www.kegg.jp/kegg-bin/show_pathway?map=hsa04925&multi_query=3708+red%2Cblue%0D%0A
04146 Peroxisome [PATH:hsa04146],1,83,0.540329947043,0.012048192771084338,['BAAT'],http://www.kegg.jp/kegg-bin/show_pathway?map=hsa04146&multi_query=570+red%2Cblue%0D%0A
04742 Taste transduction [PATH:hsa04742],1,83,0.540329947043,0.012048192771084338,['PDE1B'],http://www.kegg.jp/kegg-bin/show_pathway?map=hsa04742&multi_query=5153+red%2Cblue%0D%0A
04350 TGF-beta signaling pathway [PATH:hsa04350],1,84,0.546835288422,0.011904761904761904,['CUL1'],http://www.kegg.jp/kegg-bin/show_pathway?map=hsa04350&multi_query=8454+red%2Cblue%0D%0A
05222 Small cell lung cancer [PATH:hsa05222],1,84,0.546835288422,0.011904761904761904,['CKS2'],http://www.kegg.jp/kegg-bin/show_pathway?map=hsa05222&multi_query=1164+red%2Cblue%0D%0A
05034 Alcoholism [PATH:hsa05034],3,180,0.550541158517,0.016666666666666666,"['HDAC9', 'HIST1H2AK', 'HIST1H2BJ']",http://www.kegg.jp/kegg-bin/show_pathway?map=hsa05034&multi_query=9734+red%2Cblue%0D%0A8330+red%2Cblue%0D%0A8970+red%2Cblue%0D%0A
05215 Prostate cancer [PATH:hsa05215],1,87,0.565966015154,0.011494252873563218,['PDGFA'],http://www.kegg.jp/kegg-bin/show_pathway?map=hsa05215&multi_query=5154+red%2Cblue%0D%0A
04650 Natural killer cell mediated cytotoxicity [PATH:hsa04650],2,136,0.568778194977,0.014705882352941176,"['PTPN6', 'LCP2']",http://www.kegg.jp/kegg-bin/show_pathway?map=hsa04650&multi_query=5777+red%2Cblue%0D%0A3937+red%2Cblue%0D%0A
04550 Signaling pathways regulating pluripotency of stem cells [PATH:hsa04550],2,139,0.583693267683,0.014388489208633094,"['FGF2', 'PCGF3']",http://www.kegg.jp/kegg-bin/show_pathway?map=hsa04550&multi_query=2247+red%2Cblue%0D%0A10336+red%2Cblue%0D%0A
03015 mRNA surveillance pathway [PATH:hsa03015],1,91,0.590566347081,0.01098901098901099,['NCBP2'],http://www.kegg.jp/kegg-bin/show_pathway?map=hsa03015&multi_query=22916+red%2Cblue%0D%0A
05032 Morphine addiction [PATH:hsa05032],1,91,0.590566347081,0.01098901098901099,['PDE1B'],http://www.kegg.jp/kegg-bin/show_pathway?map=hsa05032&multi_query=5153+red%2Cblue%0D%0A
04658 Th1 and Th2 cell differentiation [PATH:hsa04658],1,92,0.596553511097,0.010869565217391304,['NFKBIB'],http://www.kegg.jp/kegg-bin/show_pathway?map=hsa04658&multi_query=4793+red%2Cblue%0D%0A
04310 Wnt signaling pathway [PATH:hsa04310],2,143,0.60306949498,0.013986013986013986,"['CUL1', 'ROCK2']",http://www.kegg.jp/kegg-bin/show_pathway?map=hsa04310&multi_query=8454+red%2Cblue%0D%0A9475+red%2Cblue%0D%0A
04064 NF-kappa B signaling pathway [PATH:hsa04064],1,95,0.614123370155,0.010526315789473684,['IRAK1'],http://www.kegg.jp/kegg-bin/show_pathway?map=hsa04064&multi_query=3654+red%2Cblue%0D%0A
01522 Endocrine resistance [PATH:hsa01522],1,96,0.619849550697,0.010416666666666666,['MMP9'],http://www.kegg.jp/kegg-bin/show_pathway?map=hsa01522&multi_query=4318+red%2Cblue%0D%0A
05231 Choline metabolism in cancer [PATH:hsa05231],1,99,0.636638009682,0.010101010101010102,['PDGFA'],http://www.kegg.jp/kegg-bin/show_pathway?map=hsa05231&multi_query=5154+red%2Cblue%0D%0A
05203 Viral carcinogenesis [PATH:hsa05203],3,201,0.638211691045,0.014925373134328358,"['HIST1H2BJ', 'HDAC9', 'KAT2B']",http://www.kegg.jp/kegg-bin/show_pathway?map=hsa05203&multi_query=8970+red%2Cblue%0D%0A9734+red%2Cblue%0D%0A8850+red%2Cblue%0D%0A
04150 mTOR signaling pathway [PATH:hsa04150],2,151,0.640021322202,0.013245033112582781,"['ATP6V1H', 'DDIT4']",http://www.kegg.jp/kegg-bin/show_pathway?map=hsa04150&multi_query=51606+red%2Cblue%0D%0A54541+red%2Cblue%0D%0A
04916 Melanogenesis [PATH:hsa04916],1,101,0.647506711389,0.009900990099009901,['EDNRB'],http://www.kegg.jp/kegg-bin/show_pathway?map=hsa04916&multi_query=1910+red%2Cblue%0D%0A
03010 Ribosome [PATH:hsa03010],2,154,0.653247698061,0.012987012987012988,"['RPL7', 'RPL27']",http://www.kegg.jp/kegg-bin/show_pathway?map=hsa03010&multi_query=6129+red%2Cblue%0D%0A6155+red%2Cblue%0D%0A
04144 Endocytosis [PATH:hsa04144],4,260,0.669568956669,0.015384615384615385,"['CSF1R', 'CLTB', 'RAB5B', 'RAB5C']",http://www.kegg.jp/kegg-bin/show_pathway?map=hsa04144&multi_query=1436+red%2Cblue%0D%0A1212+red%2Cblue%0D%0A5869+red%2Cblue%0D%0A5878+red%2Cblue%0D%0A
04725 Cholinergic synapse [PATH:hsa04725],1,112,0.702747833066,0.008928571428571428,['ITPR1'],http://www.kegg.jp/kegg-bin/show_pathway?map=hsa04725&multi_query=3708+red%2Cblue%0D%0A
04726 Serotonergic synapse [PATH:hsa04726],1,113,0.707397869033,0.008849557522123894,['ITPR1'],http://www.kegg.jp/kegg-bin/show_pathway?map=hsa04726&multi_query=3708+red%2Cblue%0D%0A
04152 AMPK signaling pathway [PATH:hsa04152],1,121,0.742460848337,0.008264462809917356,['PFKL'],http://www.kegg.jp/kegg-bin/show_pathway?map=hsa04152&multi_query=5211+red%2Cblue%0D%0A
04728 Dopaminergic synapse [PATH:hsa04728],1,130,0.77757688175,0.007692307692307693,['ITPR1'],http://www.kegg.jp/kegg-bin/show_pathway?map=hsa04728&multi_query=3708+red%2Cblue%0D%0A
05160 Hepatitis C [PATH:hsa05160],1,131,0.781210416114,0.007633587786259542,['CLDN8'],http://www.kegg.jp/kegg-bin/show_pathway?map=hsa05160&multi_query=9073+red%2Cblue%0D%0A
04910 Insulin signaling pathway [PATH:hsa04910],1,138,0.805224869394,0.007246376811594203,['INPPL1'],http://www.kegg.jp/kegg-bin/show_pathway?map=hsa04910&multi_query=3636+red%2Cblue%0D%0A
05224 Breast cancer [PATH:hsa05224],1,144,0.823926105273,0.006944444444444444,['FGF2'],http://www.kegg.jp/kegg-bin/show_pathway?map=hsa05224&multi_query=2247+red%2Cblue%0D%0A
04261 Adrenergic signaling in cardiomyocytes [PATH:hsa04261],1,144,0.823926105273,0.006944444444444444,['RYR2'],http://www.kegg.jp/kegg-bin/show_pathway?map=hsa04261&multi_query=6262+red%2Cblue%0D%0A
04390 Hippo signaling pathway [PATH:hsa04390],1,154,0.851554912838,0.006493506493506494,['TEAD3'],http://www.kegg.jp/kegg-bin/show_pathway?map=hsa04390&multi_query=7005+red%2Cblue%0D%0A
04740 Olfactory transduction [PATH:hsa04740],3,419,0.983161965166,0.007159904534606206,"['OR2H1', 'GUCY2D', 'PDE1B']",http://www.kegg.jp/kegg-bin/show_pathway?map=hsa04740&multi_query=26716+red%2Cblue%0D%0A3000+red%2Cblue%0D%0A5153+red%2Cblue%0D%0A
